{
  "main:main/dragon_drops_elytra": {
    "criteria": {
      "tick": "2020-04-15 17:19:07 +0000"
    },
    "done": true
  },
  "main:main/mmh": {
    "criteria": {
      "tick": "2020-04-15 17:19:07 +0000"
    },
    "done": true
  },
  "as:enable": {
    "criteria": {
      "tick": "2020-04-15 17:19:07 +0000"
    },
    "done": true
  },
  "main:main/silence_mobs": {
    "criteria": {
      "tick": "2020-04-15 17:19:07 +0000"
    },
    "done": true
  },
  "main:main/root": {
    "criteria": {
      "tick": "2020-04-15 17:19:07 +0000"
    },
    "done": true
  },
  "multiplayer_sleep:sleep": {
    "criteria": {
      "tick": "2020-04-15 17:19:38 +0000"
    },
    "done": false
  },
  "main:main/vs": {
    "criteria": {
      "tick": "2020-04-15 17:19:07 +0000"
    },
    "done": true
  },
  "main:main/double_shulkers": {
    "criteria": {
      "tick": "2020-04-15 17:19:07 +0000"
    },
    "done": true
  },
  "main:main/treasure_gems": {
    "criteria": {
      "tick": "2020-04-15 17:19:07 +0000"
    },
    "done": true
  },
  "main:main/ch": {
    "criteria": {
      "tick": "2020-04-15 17:19:07 +0000"
    },
    "done": true
  },
  "main:main/as": {
    "criteria": {
      "tick": "2020-04-15 17:19:07 +0000"
    },
    "done": true
  },
  "main:main/nether_portal_coords": {
    "criteria": {
      "tick": "2020-04-15 17:19:07 +0000"
    },
    "done": true
  },
  "main:main/multiplayer_sleep": {
    "criteria": {
      "tick": "2020-04-15 17:19:07 +0000"
    },
    "done": true
  },
  "minecraft:adventure/adventuring_time": {
    "criteria": {
      "minecraft:forest": "2020-04-15 17:19:07 +0000"
    },
    "done": false
  },
  "cvt_namingbook:packicon": {
    "criteria": {
      "trigger": "2020-04-15 17:19:07 +0000"
    },
    "done": true
  },
  "main:main/wrench": {
    "criteria": {
      "tick": "2020-04-15 17:19:07 +0000"
    },
    "done": true
  },
  "main:main/anti_enderman": {
    "criteria": {
      "tick": "2020-04-15 17:19:07 +0000"
    },
    "done": true
  },
  "main:main/afk": {
    "criteria": {
      "tick": "2020-04-15 17:19:07 +0000"
    },
    "done": true
  },
  "global:civetkitty": {
    "criteria": {
      "trigger": "2020-04-15 17:19:07 +0000"
    },
    "done": true
  },
  "main:main/player_head_drops": {
    "criteria": {
      "tick": "2020-04-15 17:19:07 +0000"
    },
    "done": true
  },
  "global:root": {
    "criteria": {
      "trigger": "2020-04-15 17:19:07 +0000"
    },
    "done": true
  },
  "main:main/tag": {
    "criteria": {
      "tick": "2020-04-15 17:19:07 +0000"
    },
    "done": true
  },
  "main:main/redstone_wrench": {
    "criteria": {
      "tick": "2020-04-15 17:19:07 +0000"
    },
    "done": true
  },
  "main:main/track_stats": {
    "criteria": {
      "tick": "2020-04-15 17:19:07 +0000"
    },
    "done": true
  },
  "main:main/dp": {
    "criteria": {
      "tick": "2020-04-15 17:19:07 +0000"
    },
    "done": true
  },
  "main:main/track_raw_stats": {
    "criteria": {
      "tick": "2020-04-15 17:19:07 +0000"
    },
    "done": true
  },
  "DataVersion": 2230
}